title,year,length,budget,rating,votes,r1,r2,r3,r4,r5,r6,r7,r8,r9,r10,mpaa,Action,Animation,Comedy,Drama,Documentary,Romance,Short
$,1971,121,NA,6.4,348,4.5,4.5,4.5,4.5,14.5,24.5,24.5,14.5,4.5,4.5,,0,0,1,1,0,0,0
$1000 a Touchdown,1939,71,NA,6.0,20,0.0,14.5,4.5,24.5,14.5,14.5,14.5,4.5,4.5,14.5,,0,0,1,0,0,0,0
$21 a Day Once a Month,1941,7,NA,8.2,5,0.0,0.0,0.0,0.0,0.0,24.5,0.0,44.5,24.5,24.5,,0,1,0,0,0,0,1
"$40,000",1996,70,NA,8.2,6,14.5,0.0,0.0,0.0,0.0,0.0,0.0,0.0,34.5,45.5,,0,0,1,0,0,0,0
"$50,000 Climax Show, The",1975,71,NA,3.4,17,24.5,4.5,0.0,14.5,14.5,4.5,0.0,0.0,0.0,24.5,,0,0,0,0,0,0,0
$pent,2000,91,NA,4.3,45,4.5,4.5,4.5,14.5,14.5,14.5,4.5,4.5,14.5,14.5,,0,0,0,1,0,0,0
$windle,2002,93,NA,5.3,200,4.5,0.0,4.5,4.5,24.5,24.5,14.5,4.5,4.5,14.5,R,1,0,0,1,0,0,0
'15',2002,25,NA,6.7,24,4.5,4.5,4.5,4.5,4.5,14.5,14.5,14.5,4.5,14.5,,0,0,0,0,1,0,1
'38,1987,97,NA,6.6,18,4.5,4.5,4.5,0.0,0.0,0.0,34.5,14.5,4.5,24.5,,0,0,0,1,0,0,0
'49-'17,1917,61,NA,6.0,51,4.5,0.0,4.5,4.5,4.5,44.5,14.5,4.5,4.5,4.5,,0,0,0,0,0,0,0
'68,1988,99,NA,5.4,23,4.5,0.0,4.5,14.5,24.5,4.5,24.5,4.5,14.5,4.5,,0,0,0,1,0,0,0
'94 du bi dao zhi qing,1994,96,NA,5.9,53,4.5,0.0,4.5,4.5,4.5,14.5,24.5,14.5,4.5,24.5,,0,0,0,0,0,0,0
"'?' Motorist, The",1906,10,NA,7.0,44,4.5,0.0,0.0,0.0,4.5,14.5,34.5,14.5,4.5,14.5,,0,0,1,0,0,0,1
'A',1965,10,NA,6.7,11,14.5,0.0,0.0,0.0,0.0,14.5,4.5,4.5,14.5,24.5,,0,0,0,0,0,0,1
'A' gai waak,1983,106,NA,7.1,1259,4.5,4.5,4.5,4.5,4.5,14.5,14.5,14.5,14.5,24.5,PG-13,1,0,1,0,0,0,0
'A' gai waak juk jaap,1987,101,NA,7.2,614,4.5,4.5,4.5,4.5,4.5,14.5,24.5,24.5,14.5,14.5,PG-13,1,0,1,0,0,0,0
'Breaker' Morant,1980,107,NA,7.9,2718,4.5,4.5,4.5,4.5,4.5,4.5,14.5,24.5,24.5,24.5,,0,0,0,1,0,0,0
'Bullitt': Steve McQueen's Commitment to Reality,1968,10,NA,6.6,37,0.0,0.0,4.5,4.5,4.5,14.5,44.5,14.5,4.5,4.5,,0,0,0,0,1,0,1
'Crocodile' Dundee II,1988,110,NA,5.0,7252,4.5,4.5,4.5,14.5,24.5,24.5,14.5,4.5,4.5,4.5,,1,0,1,0,0,0,0
'E',1981,7,NA,8.6,15,0.0,0.0,0.0,0.0,4.5,4.5,0.0,14.5,24.5,45.5,,0,1,1,0,0,0,1
'El Chicko' - der Verdacht,1995,90,NA,3.9,10,24.5,14.5,24.5,14.5,0.0,14.5,14.5,0.0,0.0,24.5,,0,0,1,0,0,0,0
'G' Men,1935,85,450000,7.2,281,0.0,4.5,4.5,4.5,4.5,14.5,34.5,34.5,4.5,4.5,,0,0,0,1,0,0,0
'Gator Bait,1974,88,NA,3.5,100,14.5,14.5,24.5,14.5,14.5,4.5,4.5,4.5,4.5,4.5,,1,0,0,1,0,0,0
'Gator Bait II: Cajun Justice,1988,95,NA,3.1,54,24.5,14.5,4.5,14.5,4.5,14.5,0.0,4.5,0.0,4.5,,0,0,0,0,0,0,0
"'High Sign', The",1921,18,NA,7.8,145,0.0,0.0,4.5,0.0,4.5,14.5,24.5,24.5,24.5,14.5,,0,0,1,0,0,0,1
'Hukkunud Alpinisti' hotell,1979,80,NA,7.7,45,4.5,0.0,4.5,4.5,4.5,4.5,24.5,14.5,14.5,34.5,,0,0,0,0,0,0,0
"'Hyp-Nut-Tist', The",1935,6,NA,6.2,18,4.5,0.0,0.0,24.5,0.0,24.5,14.5,14.5,14.5,0.0,,0,1,1,0,0,0,1
'I Do...',1989,86,NA,6.2,10,0.0,0.0,0.0,24.5,24.5,14.5,24.5,14.5,14.5,14.5,,0,0,0,0,0,0,0
'I Know Where I'm Going!',1945,92,NA,7.7,825,4.5,4.5,4.5,4.5,4.5,4.5,14.5,14.5,14.5,34.5,,0,0,0,1,0,1,0
'Java Madness' formerly titled 'Coffee Madness',1995,7,NA,6.8,10,0.0,14.5,0.0,0.0,14.5,14.5,34.5,0.0,14.5,34.5,,0,0,1,0,0,0,1
"'Je vous salue, Marie'",1985,105,NA,6.4,322,4.5,4.5,4.5,4.5,4.5,14.5,14.5,14.5,14.5,14.5,,0,0,0,1,0,0,0
'Kaash',1987,140,NA,5.9,13,4.5,4.5,0.0,0.0,24.5,24.5,0.0,24.5,0.0,14.5,,0,0,0,1,0,0,0
'M' Word,1996,99,NA,4.6,6,14.5,0.0,14.5,14.5,14.5,0.0,14.5,0.0,0.0,14.5,,0,0,1,0,0,1,0
"'Mad' Boy, I'll Blow Your Blues Away. Be Mine",1997,19,NA,7.3,21,4.5,0.0,0.0,4.5,4.5,4.5,4.5,14.5,4.5,44.5,,0,0,0,0,0,0,1
'Manos' the Hands of Fate,1966,74,19000,1.6,7996,74.5,4.5,4.5,4.5,4.5,4.5,4.5,4.5,4.5,14.5,,0,0,0,0,0,0,0
'Merci la vie',1991,117,NA,7.2,251,4.5,4.5,4.5,4.5,4.5,14.5,24.5,24.5,14.5,14.5,,0,0,0,1,0,0,0
'Neath Brooklyn Bridge,1942,61,NA,6.1,114,0.0,0.0,4.5,4.5,4.5,4.5,14.5,14.5,14.5,34.5,,0,0,1,1,0,0,0
'Neath Canadian Skies,1946,41,NA,5.4,7,14.5,0.0,14.5,14.5,0.0,24.5,0.0,14.5,0.0,14.5,,0,0,0,0,0,0,1
'Neath the Arizona Skies,1934,52,NA,4.6,105,4.5,4.5,4.5,14.5,24.5,24.5,4.5,4.5,4.5,4.5,,0,0,0,0,0,0,0
"'Night, Mother",1986,96,NA,6.8,364,4.5,4.5,4.5,4.5,4.5,4.5,14.5,14.5,14.5,24.5,,0,0,0,1,0,0,0
'O re,1989,90,NA,3.9,8,0.0,14.5,14.5,0.0,0.0,34.5,0.0,14.5,14.5,14.5,,0,0,1,0,0,0,0
'Pimpernel' Smith,1941,120,NA,7.2,139,4.5,4.5,4.5,4.5,4.5,4.5,24.5,24.5,14.5,24.5,,0,0,0,1,0,0,0
'R Xmas,2001,83,NA,4.9,288,14.5,4.5,4.5,4.5,14.5,24.5,14.5,4.5,4.5,4.5,R,0,0,0,1,0,0,0
'Round Midnight,1986,133,NA,7.3,902,4.5,4.5,4.5,4.5,4.5,14.5,14.5,24.5,14.5,24.5,,0,0,0,1,0,0,0
"'Sheba, Baby'",1975,90,NA,5.5,91,4.5,4.5,4.5,14.5,14.5,14.5,14.5,4.5,4.5,4.5,,1,0,0,1,0,0,0
"'Sugar Chile' Robinson, Billie Holiday, Count Basie and His Sextet",1951,15,NA,5.3,5,0.0,0.0,0.0,0.0,64.5,0.0,24.5,0.0,0.0,24.5,,0,0,0,0,0,0,1
"'Teddy' Bears, The",1907,15,NA,5.8,23,4.5,4.5,4.5,0.0,4.5,14.5,24.5,24.5,4.5,4.5,,0,1,0,0,0,0,1
'Til There Was You,1997,113,23000000,4.8,799,4.5,4.5,4.5,14.5,14.5,14.5,14.5,4.5,4.5,14.5,PG-13,0,0,1,0,0,1,0
'Til We Meet Again,1940,99,NA,6.3,83,4.5,4.5,0.0,4.5,14.5,24.5,14.5,14.5,4.5,24.5,,0,0,0,1,0,1,0
'What's Your 'I.Q.'?' Number Two,1940,9,NA,5.9,9,0.0,0.0,14.5,14.5,24.5,24.5,14.5,0.0,14.5,14.5,,0,0,0,0,1,0,1
"'burbs, The",1989,101,NA,6.0,7641,4.5,4.5,4.5,4.5,14.5,14.5,14.5,14.5,4.5,14.5,,0,0,1,0,0,0,0
(A)Torzija,2002,13,NA,7.2,71,4.5,0.0,4.5,4.5,4.5,4.5,14.5,24.5,14.5,24.5,,0,0,0,1,0,0,1
(Entre nous),2002,82,NA,4.8,22,14.5,4.5,4.5,14.5,24.5,14.5,4.5,4.5,0.0,0.0,,0,0,0,1,0,0,0
(Haru),1996,118,NA,6.6,19,4.5,0.0,14.5,0.0,4.5,14.5,14.5,24.5,14.5,14.5,,0,0,0,1,0,1,0
(Paris: XY),2001,80,NA,1.4,6,14.5,0.0,14.5,0.0,14.5,14.5,14.5,14.5,0.0,0.0,,0,0,0,1,0,0,0
(T)Raumschiff Surprise - Periode 1,2004,87,NA,5.6,1275,14.5,4.5,4.5,4.5,14.5,14.5,14.5,14.5,4.5,14.5,,0,0,1,0,0,0,0
*Corpus Callosum,2002,92,NA,4.9,36,24.5,14.5,4.5,4.5,0.0,4.5,14.5,4.5,4.5,14.5,,0,0,0,1,0,0,0
*batteries not included,1987,106,NA,5.7,4148,4.5,4.5,4.5,4.5,14.5,24.5,14.5,14.5,4.5,4.5,,0,0,1,0,0,0,0
+1 -1,1987,7,NA,9.4,6,0.0,0.0,0.0,0.0,0.0,0.0,0.0,0.0,45.5,45.5,,0,1,1,0,0,0,1
-30-,1959,96,NA,6.3,43,4.5,4.5,0.0,4.5,14.5,4.5,24.5,14.5,4.5,24.5,,0,0,0,1,0,0,0
-But the Flesh Is Weak,1932,77,NA,5.8,32,4.5,4.5,4.5,14.5,4.5,24.5,14.5,14.5,4.5,4.5,,0,0,1,0,0,0,0
...4 ...3 ...2 ...1 ...morte,1967,95,NA,3.6,67,34.5,14.5,4.5,4.5,4.5,4.5,4.5,4.5,4.5,4.5,,0,0,0,0,0,0,0
...All the Marbles,1981,113,NA,5.6,348,4.5,4.5,4.5,4.5,14.5,24.5,14.5,14.5,4.5,14.5,,1,0,1,1,0,1,0
...Almost,1990,84,NA,5.3,38,0.0,4.5,4.5,4.5,24.5,24.5,24.5,4.5,4.5,4.5,,0,0,0,1,0,1,0
...And Justice for All,1979,119,NA,7.0,2610,4.5,4.5,4.5,4.5,4.5,14.5,24.5,24.5,14.5,14.5,,0,0,0,1,0,0,0
...And Millions Die!,1973,93,NA,4.4,23,14.5,0.0,4.5,34.5,24.5,14.5,0.0,0.0,0.0,14.5,,0,0,0,0,0,0,0
...Because She Disobeyed,1935,104,NA,6.0,11,0.0,0.0,0.0,0.0,14.5,14.5,0.0,4.5,34.5,14.5,,0,0,1,1,0,0,0
"...Belpaese, Il",1977,109,NA,5.2,11,4.5,0.0,0.0,0.0,34.5,34.5,4.5,4.5,0.0,0.0,,0,0,1,1,0,0,0
...Comme elle respire,1998,106,NA,6.1,103,4.5,4.5,0.0,4.5,14.5,14.5,34.5,14.5,4.5,4.5,,0,0,1,0,0,0,0
...Is It the Design on the Wrapper?,1997,8,NA,2.6,14,24.5,0.0,0.0,0.0,4.5,4.5,24.5,4.5,0.0,24.5,,0,0,0,0,0,0,1
...Ja teeb trikke,1978,10,NA,7.9,7,0.0,0.0,0.0,0.0,0.0,0.0,14.5,24.5,24.5,24.5,,0,1,1,0,0,0,1
...Lost,2000,5,NA,6.2,13,4.5,0.0,0.0,4.5,24.5,34.5,24.5,4.5,0.0,0.0,,0,0,0,0,0,0,1
...Maybe This Time,1980,96,NA,5.7,8,0.0,0.0,0.0,0.0,24.5,34.5,24.5,14.5,0.0,0.0,,0,0,0,1,0,0,0
...Po prozvishchu 'Zver',1990,88,NA,4.7,11,4.5,0.0,4.5,4.5,4.5,14.5,14.5,0.0,4.5,14.5,,1,0,0,0,0,0,0
...Quando Troveja,1999,92,NA,4.6,25,4.5,0.0,4.5,14.5,24.5,14.5,24.5,14.5,4.5,0.0,,0,0,0,1,0,0,0
...To Skin a Cat,2004,22,NA,8.1,11,0.0,4.5,0.0,0.0,4.5,0.0,4.5,14.5,4.5,44.5,,0,0,1,0,0,0,1
...a tutte le auto della polizia,1975,90,NA,6.8,7,0.0,0.0,0.0,0.0,0.0,24.5,74.5,0.0,0.0,0.0,,0,0,0,0,0,0,0
...a zase ta Lucie!,1984,82,NA,5.8,19,4.5,0.0,14.5,0.0,24.5,24.5,14.5,4.5,14.5,4.5,,0,0,1,0,0,0,0
"...al fin, el mar",2005,95,NA,5.0,9,24.5,0.0,14.5,14.5,24.5,14.5,0.0,0.0,0.0,24.5,,0,0,0,1,0,1,0
...ani smrt nebere,1996,88,NA,3.6,5,44.5,24.5,0.0,0.0,0.0,24.5,0.0,24.5,0.0,0.0,,0,0,0,0,0,0,0
"...borgnes sont rois, Les",1974,15,NA,8.3,6,0.0,0.0,0.0,14.5,0.0,0.0,14.5,0.0,14.5,45.5,,0,0,0,0,0,0,1
"...dopo di che, uccide il maschio e lo divora",1971,96,NA,6.1,5,0.0,0.0,0.0,0.0,0.0,44.5,0.0,44.5,0.0,24.5,,0,0,0,1,0,0,0
...e per tetto un cielo di stelle,1968,100,NA,3.9,19,0.0,14.5,14.5,24.5,0.0,24.5,14.5,0.0,4.5,14.5,,0,0,0,0,0,0,0
...e tanta paura,1976,98,NA,5.8,20,0.0,0.0,14.5,14.5,4.5,14.5,24.5,14.5,0.0,24.5,,0,0,0,0,0,0,0
...som havets nakna vind,1968,105,NA,5.3,21,4.5,4.5,0.0,0.0,4.5,4.5,14.5,4.5,4.5,34.5,,0,0,0,1,0,1,0
...tick...tick...tick...,1970,100,NA,6.0,145,4.5,4.5,4.5,14.5,14.5,24.5,14.5,14.5,4.5,14.5,,1,0,0,1,0,0,0
...und abends in die Scala,1958,94,NA,5.7,5,0.0,0.0,24.5,0.0,0.0,0.0,64.5,24.5,0.0,0.0,,0,0,0,0,0,0,0
...und das ist erst der Anfang,2000,95,NA,5.9,50,4.5,4.5,4.5,4.5,4.5,14.5,14.5,14.5,4.5,14.5,,0,0,1,0,0,1,0
...und die Liebe lacht dazu,1957,97,NA,6.8,5,0.0,0.0,0.0,24.5,0.0,0.0,44.5,44.5,0.0,0.0,,0,0,0,0,0,0,0
...ya no puede caminar.,2001,14,NA,7.1,35,4.5,0.0,4.5,4.5,14.5,14.5,4.5,14.5,4.5,34.5,,0,0,0,0,0,0,1
.com for Murder,2002,96,5000000,3.7,271,64.5,4.5,4.5,4.5,4.5,4.5,4.5,4.5,4.5,4.5,,0,0,0,0,0,0,0
00 Schneider - Jagd auf Nihil Baxter,1994,90,NA,5.9,339,14.5,4.5,4.5,4.5,4.5,4.5,4.5,4.5,4.5,34.5,,0,0,1,0,0,0,0
002 agenti segretissimi,1964,83,NA,3.6,6,34.5,0.0,0.0,0.0,0.0,14.5,14.5,14.5,0.0,14.5,,1,0,1,0,0,0,0
002 operazione Luna,1965,90,NA,4.7,9,14.5,14.5,0.0,14.5,0.0,0.0,24.5,0.0,24.5,24.5,,0,0,1,0,0,0,0
06,1994,87,NA,6.4,238,4.5,4.5,4.5,4.5,4.5,14.5,24.5,24.5,4.5,4.5,,0,0,0,1,0,1,0
06/05,2004,117,NA,6.3,165,4.5,4.5,4.5,4.5,4.5,14.5,24.5,14.5,4.5,24.5,,0,0,0,1,0,0,0
07 con el 2 delante (Agente: Jaime Bonet),1966,101,NA,1.8,13,64.5,0.0,4.5,4.5,0.0,0.0,14.5,4.5,0.0,0.0,,0,0,1,0,0,0,0
08/15,1954,95,NA,4.6,65,14.5,0.0,0.0,4.5,14.5,4.5,24.5,14.5,4.5,14.5,,0,0,0,1,0,0,0
08/15 - In der Heimat,1955,96,NA,4.2,48,14.5,4.5,0.0,4.5,14.5,24.5,14.5,4.5,4.5,14.5,,0,0,0,1,0,0,0
08/15 - Zweiter Teil,1955,110,NA,3.7,47,14.5,4.5,4.5,4.5,14.5,14.5,14.5,14.5,4.5,14.5,,0,0,0,1,0,0,0
1 Giant Leap,2002,155,NA,6.6,75,4.5,4.5,0.0,4.5,4.5,14.5,24.5,14.5,14.5,34.5,,0,0,0,0,1,0,0
1+1=3,1979,85,NA,7.5,5,0.0,0.0,0.0,0.0,0.0,0.0,44.5,44.5,0.0,24.5,,0,0,1,0,0,0,0
"1,000 Dollars a Minute",1935,70,NA,6.2,5,0.0,0.0,24.5,0.0,24.5,0.0,44.5,0.0,0.0,24.5,,0,0,1,0,0,0,0
"1,99 - Um Supermercado Que Vende Palavras",2003,72,NA,4.9,28,4.5,4.5,4.5,4.5,14.5,4.5,14.5,24.5,4.5,14.5,,0,0,1,0,1,0,0
1-2-3-4 ou Les Collants noirs,1960,125,NA,7.3,34,0.0,4.5,4.5,0.0,4.5,14.5,14.5,24.5,4.5,24.5,,0,0,0,1,0,0,0
1. April 2000,1952,105,NA,6.9,27,4.5,0.0,0.0,14.5,14.5,4.5,14.5,14.5,14.5,24.5,,0,0,0,0,0,0,0
1/2 Mensch,1986,48,NA,8.1,29,4.5,0.0,0.0,0.0,4.5,0.0,0.0,4.5,24.5,64.5,,0,0,0,0,1,0,0
10,1979,122,NA,5.7,3170,4.5,4.5,4.5,4.5,14.5,24.5,24.5,14.5,4.5,4.5,,0,0,1,0,0,1,0
10 Magnificent Killers,1977,84,NA,2.6,9,64.5,0.0,0.0,14.5,14.5,14.5,0.0,0.0,0.0,0.0,,1,0,0,1,0,0,0
10 Rillington Place,1971,111,NA,7.2,486,4.5,4.5,4.5,4.5,4.5,4.5,24.5,34.5,14.5,14.5,,0,0,0,1,0,0,0
10 Seconds,1998,10,NA,7.3,21,0.0,0.0,0.0,4.5,4.5,14.5,24.5,34.5,4.5,4.5,,0,0,0,0,0,0,1
10 Things I Hate About You,1999,97,16000000,6.7,19095,4.5,4.5,4.5,4.5,4.5,14.5,24.5,14.5,14.5,14.5,PG-13,0,0,1,0,0,1,0
10 Violent Women,1982,95,NA,3.8,31,14.5,14.5,14.5,14.5,4.5,4.5,4.5,4.5,0.0,4.5,,1,0,0,1,0,0,0
10 from Your Show of Shows,1973,92,NA,8.6,61,4.5,0.0,4.5,4.5,0.0,4.5,4.5,14.5,14.5,44.5,,0,0,1,0,0,0,0
10 jaar leuven kort,2004,240,NA,7.9,7,0.0,0.0,14.5,0.0,0.0,14.5,14.5,0.0,14.5,44.5,,0,0,0,1,0,0,1
10 on Ten,2004,88,NA,5.9,40,4.5,4.5,4.5,4.5,4.5,14.5,24.5,14.5,14.5,14.5,,0,0,0,0,1,0,0
10 pesos,2003,6,NA,6.1,8,0.0,0.0,0.0,14.5,14.5,24.5,14.5,14.5,24.5,0.0,,0,0,0,0,0,0,1
10 to Midnight,1983,101,NA,5.4,530,4.5,4.5,4.5,14.5,14.5,14.5,14.5,14.5,4.5,4.5,,1,0,0,0,0,0,0
10.000 dollari per un massacro,1967,100,NA,3.6,16,0.0,14.5,0.0,0.0,0.0,14.5,24.5,14.5,14.5,14.5,,0,0,0,0,0,0,0
10.7,1997,28,NA,8.8,5,0.0,0.0,0.0,0.0,0.0,0.0,0.0,64.5,0.0,44.5,,0,0,0,0,0,0,1
100 Days,1991,161,NA,5.8,59,4.5,4.5,0.0,4.5,4.5,14.5,14.5,24.5,14.5,14.5,,0,0,0,0,0,1,0
100 Days,2001,100,NA,6.2,14,0.0,14.5,0.0,0.0,4.5,0.0,24.5,24.5,4.5,24.5,,0,0,0,1,0,0,0
100 Girls,2000,90,NA,5.8,3349,4.5,4.5,4.5,4.5,14.5,14.5,24.5,14.5,4.5,4.5,R,0,0,1,0,0,1,0
100 Mile Rule,2002,98,1100000,5.6,181,4.5,4.5,4.5,4.5,14.5,24.5,14.5,14.5,4.5,14.5,R,0,0,1,0,0,0,0
100 Pro,2001,88,NA,5.5,94,4.5,14.5,14.5,4.5,4.5,4.5,14.5,4.5,4.5,14.5,,0,0,1,0,0,0,0
100 Proof,1997,94,140000,3.3,19,14.5,14.5,4.5,14.5,14.5,14.5,14.5,0.0,0.0,24.5,,0,0,0,1,0,0,0
100 Rifles,1969,110,NA,5.6,267,4.5,4.5,4.5,14.5,14.5,34.5,14.5,4.5,4.5,4.5,,0,0,0,0,0,0,0
100 Years at the Movies,1994,9,NA,9.2,91,0.0,4.5,0.0,4.5,4.5,4.5,4.5,4.5,14.5,64.5,,0,0,0,0,1,0,1
100 minuta slave,2004,100,NA,5.9,21,14.5,4.5,4.5,4.5,4.5,0.0,4.5,14.5,4.5,24.5,,0,0,0,1,0,0,0
1000 Boomerangs,1995,101,NA,4.6,7,45.5,14.5,0.0,0.0,0.0,14.5,0.0,14.5,0.0,0.0,,0,0,0,1,0,0,0
1000 Convicts and a Woman,1971,92,NA,6.1,10,0.0,24.5,14.5,0.0,14.5,14.5,0.0,24.5,0.0,34.5,,0,0,0,1,0,0,0
1000 Rosen,1994,95,NA,5.1,17,14.5,4.5,0.0,0.0,0.0,4.5,14.5,34.5,4.5,14.5,,0,0,0,1,0,0,0
1000 Shapes of a Female,1963,79,NA,2.2,6,0.0,45.5,0.0,14.5,0.0,0.0,0.0,14.5,0.0,14.5,,0,0,1,0,0,0,0
"10000th Day, The",1997,18,NA,8.0,5,0.0,0.0,0.0,0.0,0.0,24.5,44.5,0.0,0.0,44.5,,0,0,0,0,0,0,1
1001 Arabian Nights,1959,75,NA,5.2,59,14.5,0.0,4.5,14.5,14.5,24.5,4.5,4.5,4.5,14.5,,0,1,0,0,0,0,0
1001 Erotic Nights 2,1986,79,NA,7.7,15,14.5,0.0,0.0,0.0,4.5,4.5,14.5,14.5,4.5,44.5,,0,0,0,0,0,0,0
1001 Nights,1998,23,NA,7.3,11,0.0,0.0,0.0,0.0,0.0,14.5,0.0,24.5,14.5,34.5,,0,0,0,0,0,0,1
"1001 nuits, Les",1990,98,NA,5.1,122,4.5,4.5,4.5,14.5,14.5,14.5,14.5,14.5,4.5,4.5,,0,0,0,1,0,0,0
101,1989,117,200000,7.8,299,4.5,0.0,4.5,4.5,4.5,4.5,4.5,14.5,14.5,45.5,,0,0,0,0,1,0,0
101 Dalmatians,1996,103,NA,5.5,5028,4.5,4.5,4.5,14.5,14.5,24.5,14.5,4.5,4.5,4.5,,0,0,1,0,0,0,0
101 Rent Boys,2000,78,NA,6.3,83,4.5,4.5,4.5,4.5,14.5,14.5,24.5,14.5,14.5,14.5,,0,0,0,0,1,0,0
101 Ways (The Things a Girl Will Do to Keep Her Volvo),2000,100,NA,5.5,68,4.5,4.5,4.5,14.5,4.5,14.5,24.5,14.5,14.5,4.5,,0,0,1,0,0,0,0
101-vy kilometer,2001,103,200000,5.8,7,0.0,0.0,14.5,0.0,0.0,44.5,0.0,14.5,0.0,24.5,,0,0,0,1,0,0,0
101byeonjae propose,1993,112,NA,5.2,20,14.5,0.0,4.5,4.5,44.5,4.5,4.5,14.5,4.5,4.5,,0,0,1,0,0,1,0
102 Dalmatians,2000,100,85000000,4.7,1987,4.5,4.5,14.5,14.5,24.5,14.5,14.5,4.5,4.5,4.5,,0,0,1,0,0,0,0
10:10,2000,14,NA,6.0,6,0.0,0.0,0.0,14.5,14.5,34.5,14.5,14.5,0.0,0.0,,0,0,0,0,0,0,1
10:30 P.M. Summer,1966,85,NA,6.2,42,4.5,0.0,0.0,4.5,14.5,14.5,14.5,14.5,4.5,24.5,,0,0,0,1,0,0,0
10e chambre - Instants d'audience,2004,105,NA,7.4,111,0.0,0.0,4.5,0.0,0.0,14.5,24.5,34.5,14.5,4.5,,0,0,0,0,1,0,0
11 Harrowhouse,1974,94,NA,6.0,177,4.5,4.5,4.5,4.5,14.5,14.5,24.5,14.5,4.5,14.5,,0,0,1,0,0,0,0
11 Uhr 59,2000,11,NA,8.4,5,0.0,0.0,0.0,0.0,24.5,0.0,0.0,0.0,64.5,24.5,,0,0,0,0,0,0,1
"11 commandements, Les",2004,85,NA,4.7,199,14.5,4.5,4.5,14.5,14.5,14.5,14.5,4.5,4.5,4.5,,0,0,1,0,0,0,0
11'09''01 - September 11,2002,134,NA,6.9,1264,4.5,4.5,4.5,4.5,4.5,14.5,14.5,24.5,14.5,14.5,,0,0,0,1,0,0,0
11:11,2004,95,NA,4.3,222,14.5,14.5,4.5,14.5,14.5,14.5,4.5,4.5,4.5,14.5,R,0,0,0,0,0,0,0
11:14,2003,95,6000000,7.1,605,4.5,4.5,4.5,4.5,4.5,14.5,24.5,24.5,4.5,14.5,,0,0,1,1,0,0,0
12 + 1,1969,94,NA,5.5,51,4.5,0.0,4.5,4.5,14.5,24.5,24.5,14.5,4.5,14.5,,0,0,1,0,0,0,0
12 Angry Men,1957,96,340000,8.7,29278,4.5,4.5,4.5,4.5,4.5,4.5,4.5,24.5,24.5,34.5,,0,0,0,1,0,0,0
12 B,2001,150,NA,5.2,6,0.0,0.0,14.5,34.5,14.5,14.5,0.0,0.0,14.5,0.0,,0,0,0,1,0,0,0
12 Bucks,1998,86,NA,5.1,46,14.5,4.5,14.5,4.5,4.5,14.5,14.5,4.5,4.5,4.5,,0,0,0,1,0,0,0
12 Hot Women,2003,4,NA,5.2,24,14.5,0.0,4.5,4.5,4.5,14.5,0.0,4.5,4.5,45.5,,0,0,1,0,0,0,1
12 Stops on the Road to Nowhere,1999,18,NA,7.2,24,14.5,0.0,0.0,0.0,0.0,4.5,14.5,14.5,14.5,44.5,,0,0,1,0,0,0,1
12 horas,2001,89,NA,6.2,39,24.5,4.5,4.5,4.5,4.5,4.5,14.5,24.5,14.5,4.5,,0,0,1,1,0,0,0
12 mesyatsev,1956,55,NA,8.5,14,0.0,0.0,0.0,0.0,0.0,0.0,4.5,4.5,24.5,64.5,,0,1,0,0,0,0,0
12 stulev,1971,161,NA,8.9,252,4.5,0.0,4.5,0.0,4.5,4.5,4.5,4.5,14.5,64.5,,0,0,1,0,0,0,0
12 to the Moon,1960,74,150000,2.8,89,34.5,24.5,14.5,4.5,14.5,4.5,4.5,4.5,4.5,4.5,,0,0,0,0,0,0,0
"120 Tage von Bottrop, Die",1997,60,NA,2.4,52,34.5,4.5,4.5,4.5,4.5,4.5,4.5,14.5,4.5,24.5,,0,0,1,0,0,0,0
125 rue Montmartre,1959,85,NA,5.2,22,0.0,0.0,14.5,14.5,4.5,24.5,4.5,24.5,4.5,0.0,,0,0,0,1,0,0,0
12:01 PM,1990,25,NA,7.4,183,4.5,4.5,4.5,4.5,4.5,4.5,14.5,14.5,24.5,34.5,,0,0,0,0,0,0,1
12:35,2002,92,NA,8.2,5,24.5,0.0,0.0,0.0,0.0,0.0,0.0,0.0,0.0,84.5,,0,0,0,1,0,0,0
13 Dead Men,2003,85,NA,2.2,69,44.5,4.5,4.5,4.5,4.5,4.5,4.5,4.5,0.0,14.5,R,1,0,0,0,0,0,0
13 Fighting Men,1960,69,NA,4.2,5,24.5,0.0,24.5,44.5,24.5,0.0,0.0,0.0,0.0,0.0,,0,0,0,0,0,0,0
13 Frightened Girls,1963,89,NA,5.0,34,4.5,4.5,4.5,4.5,4.5,24.5,14.5,4.5,4.5,14.5,,0,0,0,0,0,0,0
13 Ghosts,1960,85,NA,5.6,578,4.5,4.5,4.5,4.5,14.5,24.5,14.5,14.5,4.5,4.5,,0,0,0,0,0,0,0
13 Going On 30,2004,98,37000000,6.4,7859,4.5,4.5,4.5,4.5,4.5,14.5,24.5,14.5,4.5,14.5,PG-13,0,0,1,1,0,1,0
13 Lakes,2004,135,NA,9.0,5,0.0,0.0,0.0,0.0,0.0,0.0,0.0,44.5,24.5,44.5,,0,0,0,0,1,0,0
13 Moons,2002,93,NA,5.6,196,4.5,4.5,4.5,4.5,4.5,14.5,14.5,14.5,4.5,24.5,R,0,0,1,0,0,0,0
13 Rue Madeleine,1947,95,NA,6.8,262,0.0,0.0,4.5,4.5,4.5,14.5,34.5,24.5,4.5,4.5,,0,0,0,0,0,0,0
13 West Street,1962,80,NA,6.3,35,0.0,0.0,0.0,0.0,24.5,34.5,24.5,14.5,4.5,4.5,,0,0,0,1,0,0,0
13 kaidan,2003,122,NA,7.2,23,0.0,0.0,4.5,4.5,0.0,14.5,14.5,34.5,24.5,4.5,,0,0,0,0,0,0,0
13. jul,1982,110,NA,6.4,11,0.0,0.0,4.5,4.5,24.5,0.0,14.5,4.5,14.5,4.5,,0,0,0,1,0,0,0
13ta godenitsa na printsa,1987,89,NA,6.8,54,4.5,4.5,0.0,4.5,4.5,4.5,4.5,4.5,4.5,74.5,,0,0,0,0,0,0,0
"13th Floor, The",1988,88,NA,4.3,131,4.5,4.5,14.5,4.5,24.5,14.5,4.5,4.5,4.5,4.5,,0,0,0,0,0,0,0
"13th House, The",2003,58,NA,4.9,12,0.0,0.0,0.0,14.5,14.5,4.5,0.0,24.5,24.5,4.5,,0,0,0,0,0,0,0
"13th Letter, The",1951,85,NA,6.1,27,4.5,4.5,0.0,4.5,14.5,14.5,24.5,14.5,14.5,14.5,,0,0,0,0,0,0,0
"13th Man, The",1937,70,NA,5.1,5,0.0,0.0,24.5,0.0,24.5,24.5,24.5,24.5,0.0,0.0,,0,0,0,0,0,0,0
"13th Sign, The",2000,85,NA,3.9,28,24.5,4.5,4.5,14.5,4.5,14.5,4.5,14.5,0.0,14.5,,0,0,0,0,0,0,0
"13th Warrior, The",1999,102,85000000,6.1,14344,4.5,4.5,4.5,4.5,14.5,14.5,24.5,14.5,4.5,4.5,R,1,0,0,0,0,0,0
14 Carrot Rabbit,1952,7,NA,7.2,66,4.5,0.0,0.0,4.5,4.5,14.5,34.5,24.5,4.5,14.5,,0,1,1,0,0,0,1
14 Million Dreams,2003,52,NA,8.3,7,14.5,0.0,0.0,0.0,0.0,0.0,0.0,0.0,44.5,44.5,,0,0,0,1,1,0,0
14 numara,1985,83,NA,3.6,12,24.5,4.5,24.5,4.5,0.0,4.5,4.5,4.5,0.0,4.5,,0,0,0,1,0,0,0
"14, The",1973,105,NA,6.7,7,0.0,0.0,0.0,0.0,0.0,14.5,24.5,14.5,0.0,44.5,,0,0,0,0,0,0,0
14/1 endlos,1998,27,NA,7.0,5,0.0,0.0,0.0,44.5,0.0,0.0,0.0,0.0,64.5,0.0,,0,0,0,0,0,0,1
1492: Conquest of Paradise,1992,154,47000000,6.0,3379,4.5,4.5,4.5,4.5,14.5,24.5,24.5,14.5,4.5,4.5,,0,0,0,1,0,0,0
"14e kippetje, Het",1998,88,NA,5.5,118,4.5,4.5,4.5,14.5,14.5,14.5,34.5,4.5,4.5,4.5,,0,0,1,1,0,1,0
15,2003,90,NA,6.4,97,4.5,4.5,4.5,4.5,4.5,4.5,14.5,24.5,14.5,14.5,,0,0,1,1,0,0,0
15 Amore,1998,92,NA,6.5,88,0.0,4.5,4.5,4.5,4.5,4.5,14.5,24.5,14.5,14.5,,0,0,0,1,0,0,0
15 Minutes,1999,25,NA,4.8,19,14.5,0.0,0.0,4.5,24.5,24.5,14.5,24.5,4.5,0.0,,0,0,1,0,0,0,1
15 Minutes,2001,120,42000000,6.1,10866,4.5,4.5,4.5,4.5,14.5,24.5,24.5,14.5,4.5,4.5,R,0,0,0,1,0,0,0
15' zondergrond,2000,20,NA,6.4,7,0.0,0.0,24.5,0.0,0.0,14.5,14.5,14.5,24.5,0.0,,0,0,0,0,0,0,1
15-Sai: Gakko IV,2000,120,NA,5.5,13,24.5,0.0,0.0,4.5,4.5,0.0,4.5,14.5,14.5,24.5,,0,0,0,1,0,0,0
15.35: spoor 1,2003,74,NA,5.6,27,4.5,4.5,0.0,4.5,14.5,24.5,14.5,14.5,4.5,14.5,,0,0,0,1,0,0,0
16 Days of Glory,1985,145,NA,7.7,37,0.0,0.0,4.5,4.5,4.5,4.5,14.5,14.5,14.5,24.5,,0,0,0,0,1,0,0
16 December,2002,158,NA,7.3,26,4.5,0.0,4.5,0.0,4.5,14.5,24.5,14.5,14.5,14.5,,1,0,0,0,0,0,1
16 Fathoms Deep,1948,82,NA,7.6,6,0.0,0.0,0.0,0.0,0.0,34.5,14.5,34.5,14.5,0.0,,0,0,0,0,0,0,0
16/67: 20. September,1967,6,NA,5.5,6,0.0,0.0,14.5,14.5,0.0,14.5,0.0,0.0,14.5,34.5,,0,0,0,0,0,0,1
16060,1995,86,NA,6.7,30,4.5,4.5,4.5,0.0,14.5,14.5,4.5,34.5,14.5,14.5,,0,0,0,1,0,0,0
17 Seconds to Sophie,1998,1,NA,5.1,7,0.0,0.0,0.0,14.5,24.5,14.5,0.0,0.0,0.0,44.5,,0,0,0,0,1,0,1
17 and Under,1998,107,NA,4.1,13,4.5,0.0,0.0,14.5,14.5,14.5,0.0,0.0,4.5,34.5,,0,0,0,1,0,0,0
17 op,1989,75,NA,4.4,9,14.5,34.5,0.0,0.0,34.5,14.5,14.5,0.0,0.0,0.0,,0,0,0,0,0,0,0
17 rue Bleue,2001,95,NA,5.7,22,0.0,0.0,14.5,4.5,14.5,24.5,14.5,4.5,0.0,4.5,,0,0,0,1,0,0,0
1776,1972,180,4000000,7.3,1754,4.5,4.5,4.5,4.5,4.5,4.5,14.5,14.5,14.5,34.5,PG,0,0,0,1,0,0,0
1789,1974,150,NA,5.2,18,0.0,0.0,4.5,14.5,24.5,0.0,4.5,14.5,0.0,44.5,,0,0,0,0,0,0,0
"17th Man, The",2004,23,NA,7.6,18,4.5,14.5,0.0,0.0,0.0,0.0,4.5,14.5,24.5,34.5,,0,0,0,0,0,0,1
18 Again!,1988,93,NA,4.8,643,4.5,4.5,14.5,14.5,24.5,14.5,14.5,4.5,4.5,4.5,,0,0,1,0,0,0,0
18 Shades of Dust,1999,87,NA,4.5,43,14.5,14.5,4.5,24.5,14.5,14.5,4.5,4.5,4.5,14.5,R,0,0,0,1,0,0,0
18 Weapons of Kung Fu,1977,89,NA,2.0,21,24.5,4.5,14.5,4.5,0.0,4.5,4.5,0.0,0.0,34.5,,1,0,0,1,0,0,0
18 anni tra una settimana,1991,98,NA,5.9,7,14.5,0.0,0.0,0.0,14.5,44.5,14.5,14.5,0.0,0.0,,0,0,0,1,0,0,0
18-j,2004,100,NA,8.5,26,4.5,4.5,0.0,4.5,0.0,4.5,0.0,14.5,14.5,45.5,,0,0,0,1,1,0,0
1860,1934,80,NA,7.0,16,0.0,0.0,14.5,4.5,14.5,34.5,4.5,14.5,0.0,14.5,,0,0,0,1,0,0,0
1871,1990,100,NA,4.2,11,4.5,14.5,4.5,4.5,0.0,0.0,14.5,4.5,14.5,4.5,,0,0,0,1,0,0,0
187: Documented,1997,58,NA,3.0,14,44.5,0.0,0.0,14.5,0.0,4.5,14.5,0.0,4.5,14.5,,0,0,0,1,1,0,0
1895,1995,30,NA,7.8,21,4.5,4.5,0.0,0.0,4.5,0.0,4.5,4.5,0.0,64.5,,0,1,0,0,0,0,1
19,2000,82,NA,7.0,59,4.5,4.5,0.0,4.5,4.5,14.5,14.5,24.5,14.5,14.5,,0,0,0,1,0,0,0
19 Months,2002,77,NA,5.3,51,14.5,4.5,4.5,4.5,4.5,24.5,4.5,4.5,14.5,14.5,R,0,0,1,0,0,0,0
19 djevojaka i Mornar,1971,73,NA,5.4,5,24.5,0.0,24.5,0.0,0.0,0.0,24.5,44.5,0.0,0.0,,0,0,0,0,0,0,0
1900,1976,245,9000000,7.5,2408,4.5,4.5,4.5,4.5,4.5,4.5,14.5,24.5,24.5,24.5,,0,0,0,1,0,0,0
1918,1985,94,NA,5.8,65,4.5,4.5,4.5,4.5,14.5,24.5,14.5,14.5,4.5,14.5,,0,0,0,1,0,0,0
1919,1985,99,NA,5.0,28,14.5,0.0,14.5,14.5,0.0,4.5,24.5,4.5,4.5,14.5,,0,0,0,1,0,0,0
1919,1997,8,NA,6.2,13,34.5,4.5,0.0,4.5,14.5,0.0,4.5,0.0,14.5,14.5,,0,0,0,0,0,0,1
1925 Studio Tour,1925,32,NA,8.2,26,0.0,0.0,0.0,0.0,4.5,4.5,14.5,14.5,14.5,44.5,,0,0,0,0,1,0,1
1939,1989,193,NA,5.7,62,0.0,4.5,4.5,14.5,24.5,24.5,14.5,4.5,4.5,4.5,,0,0,0,1,0,0,0
1941,1941,7,NA,7.9,5,0.0,0.0,0.0,0.0,24.5,0.0,24.5,0.0,0.0,64.5,,0,0,0,0,0,0,1
1941,1979,146,35000000,5.6,5536,4.5,4.5,4.5,4.5,14.5,14.5,14.5,14.5,4.5,4.5,,0,0,1,0,0,0,0
1942: A Love Story,1993,157,NA,6.5,210,4.5,4.5,4.5,4.5,4.5,4.5,14.5,14.5,14.5,34.5,,1,0,0,1,0,1,0
1952: Ivan i Aleksandra,1989,80,NA,7.3,16,4.5,4.5,0.0,0.0,4.5,4.5,34.5,14.5,14.5,14.5,,0,0,0,1,0,0,0
1955 Motion Picture Theatre Celebration,1955,18,NA,4.6,12,14.5,0.0,0.0,4.5,14.5,14.5,0.0,0.0,0.0,44.5,,0,0,0,0,1,0,1
1958,1980,96,NA,5.9,23,4.5,4.5,4.5,14.5,14.5,4.5,14.5,4.5,4.5,4.5,,1,0,0,1,0,0,0
1969,1988,95,NA,5.3,659,4.5,4.5,4.5,14.5,14.5,14.5,14.5,4.5,4.5,4.5,,0,0,0,1,0,0,0
1974,2000,8,NA,4.4,12,0.0,14.5,24.5,4.5,24.5,0.0,4.5,0.0,4.5,4.5,,0,1,0,0,0,0,1
"1974, une partie de campagne",1974,90,NA,7.6,22,0.0,0.0,0.0,0.0,4.5,14.5,34.5,34.5,4.5,4.5,,0,0,0,0,1,0,0
1984,1956,90,NA,6.9,304,4.5,4.5,4.5,4.5,4.5,14.5,24.5,14.5,14.5,24.5,,0,0,0,1,0,0,0
1990: I guerrieri del Bronx,1982,89,NA,3.9,181,14.5,14.5,4.5,4.5,14.5,14.5,4.5,4.5,4.5,4.5,,1,0,0,0,0,0,0
1991: The Year Punk Broke,1992,99,NA,6.9,166,4.5,4.5,4.5,4.5,4.5,4.5,4.5,4.5,14.5,44.5,,0,0,0,0,1,0,0
1997 - Zapisi Rustema s risunkami,1998,80,NA,7.9,11,0.0,0.0,0.0,4.5,0.0,0.0,14.5,74.5,0.0,0.0,,0,0,0,0,0,0,0
1999,1998,92,NA,5.3,93,4.5,4.5,4.5,14.5,14.5,14.5,14.5,4.5,4.5,14.5,R,0,0,0,1,0,0,0
1999 - Nen no natsu yasumi,1988,90,NA,6.5,66,4.5,4.5,4.5,4.5,4.5,14.5,14.5,4.5,14.5,44.5,,0,0,0,1,0,0,0
1999 Madeleine,1999,86,NA,5.6,52,4.5,0.0,4.5,14.5,14.5,14.5,14.5,14.5,4.5,4.5,,0,0,1,0,0,1,0
2 A.M. in the Subway,1905,1,NA,5.2,13,0.0,0.0,14.5,14.5,24.5,34.5,4.5,0.0,4.5,0.0,,0,0,1,0,0,0,1
2 Birds with 1 Stallone,2002,76,NA,1.5,30,24.5,4.5,0.0,0.0,4.5,0.0,0.0,14.5,0.0,64.5,,0,0,0,1,0,0,0
2 Days in the Valley,1996,104,NA,6.4,5057,4.5,4.5,4.5,4.5,4.5,14.5,24.5,14.5,4.5,4.5,R,0,0,0,1,0,0,0
2 Dyuo,1997,90,NA,6.5,9,14.5,14.5,0.0,0.0,14.5,24.5,14.5,14.5,14.5,14.5,,0,0,0,1,0,0,0
2 Fast 2 Furious,2003,107,76000000,5.1,9556,14.5,4.5,4.5,4.5,14.5,14.5,14.5,4.5,4.5,4.5,PG-13,1,0,0,0,0,0,0
2 G's & a Key,2000,97,NA,4.4,44,24.5,4.5,4.5,14.5,14.5,4.5,4.5,4.5,4.5,14.5,,1,0,0,0,0,0,0
"2 Little, 2 Late",1999,87,NA,6.5,18,14.5,0.0,0.0,4.5,0.0,0.0,0.0,4.5,14.5,64.5,,0,0,1,1,0,0,0
2 bileta na dnevnoy seans,1966,90,NA,8.2,5,0.0,0.0,0.0,0.0,0.0,0.0,44.5,24.5,24.5,24.5,,0,0,0,0,0,0,0
"2 deputati, I",1968,95,NA,6.9,9,14.5,0.0,0.0,0.0,0.0,24.5,34.5,24.5,14.5,0.0,,0,0,1,0,0,0,0
2 minutter,2001,8,NA,6.9,9,0.0,0.0,0.0,0.0,14.5,24.5,14.5,14.5,0.0,44.5,,0,0,0,0,0,0,1
2 or 3 Things But Nothing for Sure,1997,12,NA,7.2,5,0.0,0.0,24.5,0.0,0.0,24.5,0.0,24.5,24.5,24.5,,0,0,0,0,1,0,1
2 ou 3 choses que je sais d'elle,1967,90,NA,6.7,355,4.5,4.5,4.5,4.5,4.5,14.5,14.5,14.5,14.5,24.5,,0,0,0,1,0,0,0
2 ryk og 1 aflevering,2003,96,NA,5.5,86,4.5,4.5,4.5,14.5,14.5,14.5,14.5,14.5,4.5,4.5,,0,0,1,1,0,0,0
2 secondes,1998,100,NA,6.8,166,4.5,4.5,4.5,4.5,4.5,14.5,24.5,24.5,14.5,14.5,,0,0,1,1,0,1,0
2+1,2004,28,NA,8.2,16,14.5,4.5,0.0,0.0,0.0,0.0,0.0,4.5,0.0,74.5,,0,0,1,0,0,0,1
2+5: Missione Hydra,1965,89,NA,3.3,29,24.5,14.5,4.5,24.5,4.5,14.5,4.5,0.0,4.5,14.5,,0,0,0,0,0,0,0
"2,000 Women",1944,97,NA,5.9,50,0.0,4.5,0.0,0.0,4.5,14.5,14.5,4.5,34.5,24.5,,0,0,0,0,0,0,0
2. juledag,2000,25,NA,5.5,8,0.0,0.0,14.5,0.0,24.5,34.5,14.5,14.5,0.0,0.0,,0,0,0,0,0,0,1
20 Dates,1998,87,60000,5.4,841,4.5,4.5,4.5,4.5,14.5,14.5,14.5,14.5,4.5,4.5,R,0,0,1,0,1,1,0
20 Fingers,2004,74,NA,6.7,52,4.5,4.5,4.5,4.5,4.5,4.5,4.5,4.5,4.5,64.5,,0,0,0,1,0,0,0
20 Million Miles to Earth,1957,82,NA,6.2,523,4.5,4.5,4.5,4.5,14.5,24.5,24.5,14.5,4.5,4.5,,0,0,0,0,0,0,0
20 Mule Team,1940,84,NA,7.1,25,0.0,0.0,0.0,4.5,14.5,14.5,34.5,14.5,14.5,4.5,,0,0,0,0,0,0,0
"20,000 Cheers for the Chain Gang",1933,20,NA,6.5,16,0.0,4.5,4.5,0.0,4.5,4.5,34.5,24.5,4.5,4.5,,0,0,1,0,0,0,1
"20,000 Leagues Under the Sea",1916,105,200000,6.2,135,4.5,4.5,4.5,4.5,24.5,14.5,24.5,4.5,4.5,14.5,,1,0,0,0,0,0,0
"20,000 Years in Sing Sing",1932,78,NA,7.0,274,4.5,4.5,4.5,4.5,4.5,14.5,14.5,14.5,14.5,24.5,,0,0,0,1,0,0,0
20-seiki nosutarujia,1997,93,NA,3.7,14,24.5,0.0,0.0,0.0,14.5,14.5,24.5,0.0,0.0,24.5,,0,0,0,0,0,0,0
"20. Juli, Der",1955,97,NA,8.6,18,4.5,0.0,0.0,0.0,4.5,0.0,14.5,34.5,4.5,34.5,,0,0,0,0,0,0,0
20/20 Vision,1999,20,NA,1.0,5,64.5,0.0,0.0,0.0,24.5,24.5,0.0,0.0,0.0,0.0,,0,0,1,0,0,0,1
200 American,2003,84,NA,5.4,62,14.5,4.5,4.5,4.5,14.5,4.5,14.5,14.5,4.5,4.5,,0,0,0,0,0,1,0
200 Cigarettes,1999,101,6000000,5.4,4514,4.5,4.5,4.5,4.5,14.5,24.5,14.5,14.5,4.5,4.5,R,0,0,1,1,0,0,0
200 Motels,1971,98,679000,5.2,338,4.5,4.5,4.5,4.5,4.5,4.5,14.5,14.5,14.5,34.5,,0,0,1,0,0,0,0
2000 Nordestes,2000,70,NA,7.9,25,4.5,0.0,0.0,0.0,4.5,0.0,14.5,14.5,24.5,34.5,,0,0,0,0,1,0,0
2000 Years Later,1969,80,NA,4.4,12,4.5,14.5,0.0,0.0,24.5,14.5,14.5,0.0,0.0,14.5,,0,0,1,0,0,0,0
20000 Leagues Under the Sea,1954,127,5000000,7.1,2741,4.5,4.5,4.5,4.5,4.5,14.5,24.5,24.5,14.5,14.5,,0,0,0,1,0,0,0
2001 Yonggary,1999,99,NA,3.1,241,44.5,14.5,4.5,4.5,4.5,4.5,4.5,4.5,4.5,4.5,PG-13,1,0,0,0,0,0,0
2001: A Space Odyssey,1968,156,10500000,8.3,64982,4.5,4.5,4.5,4.5,4.5,4.5,4.5,14.5,14.5,34.5,,0,0,0,0,0,0,0
2001: A Space Travesty,2000,99,26000000,2.5,2023,44.5,14.5,14.5,4.5,4.5,4.5,4.5,4.5,4.5,4.5,R,0,0,1,0,0,0,0
2002: The Rape of Eden,1994,90,NA,4.0,24,14.5,4.5,14.5,4.5,24.5,14.5,0.0,4.5,0.0,14.5,,1,0,1,1,0,0,0
2009: Lost Memories,2002,136,NA,6.6,639,4.5,4.5,4.5,4.5,4.5,14.5,24.5,24.5,4.5,4.5,R,1,0,0,1,0,0,0
"201 Kanarinia, Ta",1964,96,NA,7.1,6,0.0,0.0,0.0,0.0,0.0,34.5,0.0,45.5,0.0,14.5,,0,0,0,0,0,0,0
2010,1984,116,NA,6.5,7300,4.5,4.5,4.5,4.5,4.5,14.5,24.5,24.5,4.5,4.5,,0,0,0,0,0,0,0
2010: The Odyssey Continues,1984,18,NA,5.8,154,4.5,4.5,4.5,4.5,4.5,14.5,24.5,14.5,14.5,4.5,,0,0,0,0,1,0,1
2019 - Dopo la caduta di New York,1983,91,NA,5.3,176,4.5,4.5,4.5,14.5,14.5,14.5,14.5,4.5,4.5,14.5,,1,0,0,0,0,0,0
203 kochi,1980,185,NA,6.8,24,4.5,0.0,4.5,4.5,4.5,14.5,4.5,4.5,24.5,34.5,,0,0,0,1,0,0,0
2046,2004,129,12000000,7.6,2663,4.5,4.5,4.5,4.5,4.5,4.5,14.5,24.5,14.5,24.5,R,0,0,0,1,0,1,0
2069 A.D.,1969,75,NA,5.3,8,0.0,0.0,0.0,0.0,34.5,34.5,0.0,24.5,0.0,0.0,,0,0,0,0,0,0,0
2084,1984,10,NA,6.4,10,14.5,0.0,0.0,0.0,14.5,14.5,34.5,34.5,0.0,14.5,,0,0,0,0,1,0,1
20:30:40,2004,113,NA,7.1,177,4.5,4.5,4.5,4.5,4.5,14.5,34.5,24.5,4.5,14.5,,0,0,1,1,0,1,0
20h17 rue Darling,2003,101,NA,6.3,75,4.5,4.5,4.5,4.5,4.5,14.5,24.5,24.5,14.5,4.5,,0,0,0,1,0,0,0
21,2000,105,NA,6.0,25,4.5,0.0,4.5,4.5,0.0,4.5,14.5,4.5,14.5,44.5,,0,0,1,1,0,1,0
21 Grams,2003,124,20000000,8.0,21857,4.5,4.5,4.5,4.5,4.5,4.5,14.5,24.5,24.5,14.5,R,0,0,0,1,0,0,0
21-87,1964,10,NA,6.1,13,0.0,4.5,0.0,0.0,4.5,14.5,44.5,4.5,4.5,4.5,,0,0,0,0,0,0,1
2103: The Deadly Wake,1997,100,NA,3.8,78,34.5,4.5,4.5,14.5,14.5,4.5,4.5,4.5,4.5,4.5,,0,0,0,0,0,0,0
21st Century Jet: The Building of the 777,1996,285,NA,7.6,7,0.0,0.0,0.0,0.0,0.0,0.0,14.5,14.5,44.5,24.5,,0,0,0,0,1,0,0
22 June 1897,1979,121,NA,6.0,11,4.5,0.0,0.0,0.0,4.5,4.5,4.5,4.5,24.5,24.5,,0,0,0,1,0,0,0
23,1998,100,NA,7.2,1246,4.5,4.5,4.5,4.5,4.5,4.5,24.5,24.5,14.5,14.5,,0,0,0,1,0,0,0
23 -- Skidoo,1930,10,NA,4.8,15,0.0,0.0,4.5,34.5,24.5,4.5,4.5,14.5,0.0,14.5,,0,0,1,0,0,0,1
23 Paces to Baker Street,1956,103,NA,7.0,179,0.0,0.0,4.5,4.5,4.5,14.5,24.5,24.5,4.5,14.5,,0,0,0,0,0,0,0
237,2000,12,NA,4.3,7,0.0,0.0,24.5,0.0,0.0,14.5,14.5,24.5,0.0,14.5,,0,0,0,0,0,0,1
23:58,1993,84,NA,7.0,8,0.0,0.0,0.0,0.0,14.5,0.0,64.5,14.5,14.5,0.0,,0,0,0,0,0,0,0
23rd March 1931: Shaheed,2002,188,NA,6.3,25,4.5,0.0,4.5,4.5,14.5,14.5,24.5,14.5,4.5,14.5,,0,0,0,0,0,0,0
24,2002,91,NA,7.4,75,4.5,0.0,4.5,4.5,4.5,4.5,14.5,4.5,14.5,44.5,,0,0,0,1,0,0,0
24 7: Twenty Four Seven,1997,96,NA,6.7,504,4.5,4.5,4.5,4.5,4.5,14.5,24.5,24.5,14.5,14.5,R,0,0,1,1,0,0,0
24 Hour Party People,2002,117,NA,7.2,3603,4.5,4.5,4.5,4.5,4.5,14.5,24.5,24.5,14.5,14.5,R,0,0,1,1,0,0,0
"24 Hour Woman, The",1999,93,2500000,5.6,149,4.5,4.5,4.5,14.5,14.5,24.5,14.5,14.5,4.5,4.5,R,0,0,1,0,0,0,0
24 Hours,1931,66,NA,7.0,11,0.0,0.0,0.0,14.5,0.0,4.5,14.5,24.5,24.5,0.0,,0,0,0,0,0,0,0
24 Hours in London,2000,90,NA,3.8,242,24.5,14.5,4.5,4.5,4.5,4.5,4.5,4.5,4.5,14.5,R,0,0,0,0,0,0,0
24 Nights,1999,97,NA,6.3,81,0.0,4.5,4.5,4.5,4.5,14.5,14.5,14.5,4.5,14.5,,0,0,1,0,0,0,0
24 chasa,2000,86,NA,6.0,39,14.5,4.5,4.5,4.5,14.5,14.5,14.5,24.5,4.5,14.5,,0,0,0,1,0,0,0
24 heures de la vie d'une femme,2002,107,NA,5.6,74,4.5,4.5,4.5,4.5,14.5,14.5,14.5,4.5,4.5,14.5,,0,0,0,1,0,0,0
24 heures ou plus...,1977,114,NA,7.6,9,0.0,0.0,0.0,0.0,0.0,0.0,14.5,34.5,45.5,0.0,,0,0,0,0,0,0,0
24 horas de placer,1969,95,NA,8.1,7,0.0,0.0,0.0,0.0,0.0,24.5,0.0,24.5,14.5,24.5,,0,0,1,0,0,0,0
24-Seven,1999,8,NA,5.9,22,0.0,4.5,4.5,0.0,14.5,4.5,24.5,14.5,4.5,24.5,,0,0,1,0,0,0,1
24/24,2001,11,NA,4.8,9,24.5,0.0,0.0,0.0,14.5,14.5,14.5,14.5,0.0,34.5,,0,0,0,0,0,0,1
24fps,2000,6,NA,4.8,16,4.5,4.5,24.5,4.5,34.5,14.5,0.0,0.0,0.0,4.5,,0,0,0,0,0,0,1
"24th Day, The",2004,92,NA,6.4,502,4.5,4.5,4.5,4.5,4.5,14.5,14.5,14.5,14.5,24.5,R,0,0,0,0,0,0,0
25 Kids and a Dad,2002,90,NA,6.2,8,0.0,0.0,0.0,0.0,14.5,34.5,24.5,0.0,0.0,24.5,,0,0,0,0,0,0,0
25 Watts,2001,92,200000,7.0,275,4.5,4.5,4.5,4.5,4.5,14.5,24.5,14.5,14.5,24.5,,0,0,1,1,0,0,0
25 Ways to Quit Smoking,1989,5,NA,7.2,114,4.5,4.5,4.5,4.5,14.5,14.5,14.5,14.5,14.5,14.5,,0,1,1,0,0,0,1
25th Hour,2002,135,15000000,7.8,15788,4.5,4.5,4.5,4.5,4.5,4.5,14.5,34.5,24.5,14.5,R,0,0,0,1,0,0,0
26 Summer Street,1996,17,NA,4.7,20,14.5,0.0,0.0,0.0,24.5,0.0,0.0,4.5,0.0,64.5,,0,0,0,0,0,0,1
27 Down,1974,118,NA,8.9,7,0.0,0.0,0.0,0.0,0.0,0.0,14.5,24.5,14.5,44.5,,0,0,0,0,0,0,0
27 Missing Kisses,2000,98,NA,6.6,291,4.5,4.5,4.5,4.5,4.5,14.5,24.5,14.5,14.5,14.5,,0,0,1,1,0,1,0
27 horas,1986,81,NA,5.2,38,4.5,0.0,0.0,4.5,24.5,24.5,24.5,4.5,4.5,14.5,,0,0,0,0,0,0,0
27A,1974,86,NA,5.0,8,0.0,0.0,0.0,14.5,24.5,0.0,24.5,24.5,0.0,14.5,,0,0,0,1,0,0,0
"27th Day, The",1957,75,NA,5.9,84,0.0,0.0,4.5,4.5,14.5,24.5,14.5,24.5,4.5,14.5,,0,0,0,0,0,0,0
28 Days,2000,103,43000000,6.0,7465,4.5,4.5,4.5,4.5,14.5,24.5,24.5,14.5,4.5,4.5,PG-13,0,0,0,1,0,0,0
28 Days Later...,2002,113,8000000,7.3,24174,4.5,4.5,4.5,4.5,4.5,14.5,24.5,24.5,14.5,14.5,R,0,0,0,0,0,0,0
28 minuti per 3 milioni di dollari,1967,90,NA,3.9,6,0.0,14.5,0.0,0.0,14.5,14.5,14.5,0.0,0.0,34.5,,0,0,0,0,0,0,0
"28 oktovriou, ora 5:30",1971,90,NA,6.2,5,0.0,0.0,0.0,0.0,44.5,24.5,24.5,24.5,0.0,0.0,,0,0,0,1,0,0,0
29 Palms,2002,93,NA,4.7,406,4.5,4.5,4.5,14.5,24.5,14.5,14.5,4.5,4.5,4.5,R,0,0,1,1,0,0,0
29th Street,1991,101,NA,6.9,436,4.5,4.5,4.5,4.5,4.5,14.5,14.5,24.5,14.5,24.5,,0,0,1,0,0,0,0
2BPerfectlyHonest,2004,88,NA,7.3,17,0.0,0.0,4.5,14.5,14.5,14.5,4.5,14.5,14.5,24.5,R,0,0,1,1,0,0,0
2LDK,2002,70,NA,7.3,381,4.5,4.5,4.5,4.5,4.5,14.5,14.5,24.5,14.5,14.5,,0,0,0,0,0,0,0
2by4,1998,90,NA,6.4,44,0.0,4.5,4.5,4.5,4.5,34.5,14.5,4.5,14.5,4.5,,0,0,0,1,0,0,0
"2wks, 1yr",2002,104,NA,9.4,5,0.0,0.0,0.0,0.0,0.0,0.0,0.0,24.5,24.5,64.5,,0,0,0,0,0,0,0
3,1971,86,NA,6.0,14,44.5,24.5,0.0,0.0,0.0,0.0,4.5,24.5,0.0,0.0,,0,0,0,1,0,0,0
3 A.M.,1976,72,NA,6.9,15,0.0,0.0,4.5,4.5,0.0,24.5,14.5,24.5,14.5,14.5,,0,0,0,0,0,0,0
3 A.M.,2001,88,NA,5.9,243,4.5,4.5,4.5,4.5,14.5,14.5,14.5,14.5,4.5,14.5,,0,0,0,0,0,0,0
3 AM,2003,22,32000,4.8,11,4.5,0.0,0.0,4.5,14.5,4.5,14.5,4.5,14.5,4.5,,0,0,0,0,0,0,1
3 Bad Men,1926,122,NA,5.6,64,14.5,4.5,4.5,4.5,4.5,4.5,14.5,14.5,14.5,14.5,,0,0,0,0,0,0,0
3 Chinesen mit dem Kontrabass,2000,88,NA,6.5,120,4.5,4.5,4.5,4.5,4.5,14.5,24.5,24.5,24.5,4.5,,0,0,1,0,0,0,0
3 Days of Rain,2002,98,NA,5.8,20,4.5,0.0,0.0,0.0,24.5,0.0,4.5,14.5,24.5,34.5,,0,0,0,1,0,0,0
3 Dumb Clucks,1937,17,NA,7.1,80,4.5,4.5,0.0,4.5,4.5,14.5,24.5,14.5,4.5,24.5,,0,0,1,0,0,0,1
3 Feet Under: Digging Deep for the Geoduck,2003,63,NA,7.0,15,0.0,0.0,0.0,0.0,0.0,0.0,24.5,24.5,14.5,44.5,,0,0,0,0,1,0,0
3 Godfathers,1948,106,NA,6.9,779,4.5,4.5,4.5,4.5,4.5,14.5,24.5,24.5,14.5,14.5,,0,0,0,1,0,0,0
3 Little Ninjas and the Lost Treasure,1990,100,NA,2.2,51,45.5,14.5,4.5,4.5,4.5,0.0,4.5,4.5,0.0,4.5,,0,0,0,0,0,0,0
3 Men and a Little Lady,1990,104,NA,4.5,3066,4.5,4.5,14.5,14.5,24.5,14.5,14.5,4.5,4.5,4.5,,0,0,1,0,0,0,0
3 Minute Wonder,2000,3,NA,4.3,6,0.0,0.0,14.5,34.5,0.0,45.5,0.0,0.0,0.0,0.0,,0,0,0,0,0,0,1
3 Misses,1998,11,NA,7.2,23,4.5,0.0,0.0,4.5,0.0,4.5,24.5,34.5,4.5,14.5,,0,1,1,0,0,0,1
3 Ninjas,1992,98,NA,4.0,1392,14.5,4.5,14.5,14.5,14.5,14.5,4.5,4.5,4.5,14.5,,1,0,1,0,0,0,0
3 Ninjas Kick Back,1994,93,NA,3.5,565,14.5,4.5,14.5,14.5,14.5,14.5,4.5,4.5,4.5,14.5,,1,0,1,0,0,0,0
3 Ninjas Knuckle Up,1995,85,NA,2.9,324,24.5,14.5,14.5,4.5,4.5,4.5,4.5,4.5,4.5,14.5,PG-13,1,0,1,0,0,0,0
3 Ninjas: High Noon at Mega Mountain,1998,93,NA,2.2,744,45.5,14.5,4.5,4.5,4.5,4.5,4.5,4.5,4.5,4.5,PG,1,0,1,0,0,0,0
3 Nuts in Search of a Bolt,1964,78,NA,5.2,16,0.0,4.5,4.5,24.5,14.5,14.5,14.5,4.5,0.0,14.5,,0,0,1,0,0,0,0
3 Ring Circus,1954,103,NA,5.6,99,4.5,4.5,4.5,14.5,24.5,14.5,14.5,14.5,4.5,4.5,,0,0,1,0,0,0,0
3 Ring Wing-Ding,1968,6,NA,6.3,9,14.5,0.0,24.5,0.0,0.0,14.5,24.5,0.0,14.5,24.5,,0,1,1,0,0,0,1
3 Strikes,2000,82,6000000,3.7,305,24.5,14.5,14.5,14.5,14.5,4.5,4.5,4.5,4.5,4.5,,0,0,1,0,0,0,0
3 Tage 44,2000,21,NA,5.0,6,0.0,0.0,0.0,0.0,34.5,0.0,14.5,14.5,0.0,34.5,,0,0,0,0,0,0,1
3 Weeks After Paradise,2002,51,NA,7.0,5,0.0,24.5,0.0,0.0,0.0,0.0,24.5,44.5,24.5,0.0,,0,0,0,0,0,0,0
3 Women,1977,124,1500000,7.7,912,4.5,4.5,4.5,4.5,4.5,4.5,14.5,14.5,14.5,24.5,,0,0,0,1,0,0,0
"3 Worlds of Gulliver, The",1960,100,NA,6.0,215,4.5,4.5,4.5,4.5,14.5,24.5,24.5,14.5,4.5,4.5,,0,1,0,0,0,0,0
3 dev adam,1973,81,NA,5.2,36,24.5,4.5,4.5,4.5,4.5,4.5,14.5,4.5,4.5,24.5,,1,0,0,0,0,0,0
3 hommes et un couffin,1985,106,NA,6.6,537,4.5,4.5,4.5,4.5,4.5,14.5,24.5,24.5,4.5,4.5,,0,0,1,0,0,0,0
3 noches,2001,105,NA,6.4,9,0.0,0.0,14.5,0.0,14.5,24.5,0.0,24.5,14.5,24.5,,0,0,0,0,0,0,0
3-4x juugatsu,1990,96,NA,6.6,761,4.5,4.5,4.5,4.5,4.5,14.5,24.5,24.5,4.5,4.5,,1,0,1,0,0,0,0
3-Way,2004,88,NA,4.6,177,4.5,4.5,14.5,14.5,24.5,14.5,4.5,4.5,4.5,4.5,R,0,0,0,1,0,0,0
30 Days,1999,87,NA,4.2,31,14.5,4.5,14.5,24.5,4.5,4.5,0.0,4.5,4.5,24.5,,0,0,1,0,0,1,0
"30 Foot Bride of Candy Rock, The",1959,75,NA,4.6,102,4.5,4.5,4.5,14.5,14.5,4.5,4.5,4.5,14.5,14.5,,0,0,1,0,0,0,0
30 Frames a Second: The WTO in Seattle,2000,73,NA,5.4,7,14.5,14.5,0.0,0.0,14.5,14.5,14.5,14.5,14.5,0.0,,0,0,0,0,1,0,0
"30 Is a Dangerous Age, Cynthia",1968,85,NA,4.8,32,4.5,4.5,4.5,14.5,34.5,14.5,4.5,14.5,0.0,4.5,,0,0,1,0,0,1,0
30 Winchester per El Diablo,1965,95,NA,3.4,7,0.0,14.5,45.5,14.5,0.0,0.0,14.5,0.0,0.0,0.0,,0,0,0,0,0,0,0
30 Years of Fun,1963,85,NA,6.7,15,14.5,0.0,0.0,24.5,4.5,0.0,24.5,4.5,4.5,24.5,,0,0,1,0,0,0,0
30 Years to Life,2001,110,NA,5.1,42,4.5,0.0,4.5,4.5,4.5,4.5,24.5,14.5,4.5,24.5,R,0,0,1,1,0,1,0
30 ans,2000,105,NA,5.8,14,0.0,0.0,4.5,14.5,14.5,34.5,24.5,4.5,0.0,0.0,,0,0,0,0,0,0,0
30 panen a Pythagoras,1977,68,NA,2.5,8,34.5,14.5,0.0,0.0,24.5,0.0,14.5,0.0,0.0,14.5,,0,0,1,0,0,0,0
"30, Still Single: Contemplating Suicide",1998,91,NA,7.1,26,4.5,0.0,0.0,4.5,0.0,14.5,4.5,4.5,14.5,34.5,,0,0,1,0,0,0,0
"300 Spartans, The",1962,114,NA,6.4,548,4.5,4.5,4.5,4.5,4.5,4.5,14.5,14.5,14.5,34.5,,0,0,0,1,0,0,0
3000 Miles to Graceland,2001,125,62000000,5.4,7298,4.5,4.5,4.5,4.5,14.5,14.5,14.5,14.5,4.5,4.5,R,1,0,1,0,0,0,0
"301, 302",1995,100,NA,6.8,275,4.5,4.5,4.5,4.5,4.5,14.5,24.5,24.5,14.5,14.5,,0,0,0,0,0,0,0
30:e november,1995,116,NA,3.9,193,14.5,14.5,14.5,14.5,14.5,4.5,4.5,4.5,4.5,4.5,,0,0,0,1,0,0,0
31,2003,27,NA,2.8,5,64.5,0.0,24.5,0.0,0.0,0.0,0.0,24.5,0.0,0.0,,0,0,0,0,0,0,1
"317e section, La",1965,86,NA,8.0,73,0.0,0.0,4.5,4.5,4.5,4.5,14.5,14.5,24.5,34.5,,0,0,0,0,0,0,0
322,1969,95,NA,6.0,9,0.0,0.0,0.0,0.0,14.5,14.5,14.5,14.5,24.5,34.5,,0,0,0,1,0,0,0
34-y skoryy,1981,83,NA,7.3,8,0.0,0.0,0.0,14.5,14.5,0.0,14.5,14.5,0.0,45.5,,1,0,0,0,0,0,0
35 Aside,1995,27,NA,6.6,40,0.0,4.5,0.0,0.0,0.0,4.5,4.5,14.5,24.5,44.5,,0,0,1,0,0,0,1
35 Miles from Normal,1997,99,NA,6.6,21,4.5,0.0,4.5,0.0,4.5,4.5,4.5,14.5,4.5,34.5,,0,0,0,1,0,0,0
36 Chowringhee Lane,1981,122,NA,7.7,41,4.5,4.5,0.0,0.0,4.5,4.5,4.5,24.5,34.5,14.5,,0,0,0,0,0,0,0
"36 Deadly Styles, The",1980,92,NA,5.1,13,0.0,4.5,0.0,4.5,34.5,14.5,4.5,0.0,4.5,14.5,,0,0,0,0,0,0,0
36 Hours,1953,80,NA,5.7,8,0.0,14.5,0.0,0.0,14.5,14.5,14.5,34.5,0.0,14.5,,0,0,0,1,0,0,0
36 Hours,1965,115,NA,7.3,373,4.5,4.5,4.5,4.5,4.5,14.5,24.5,24.5,14.5,14.5,,0,0,0,0,0,0,0
36 fillette,1988,88,NA,6.0,232,4.5,4.5,4.5,4.5,14.5,24.5,24.5,14.5,4.5,4.5,,0,0,0,1,0,1,0
36 ore all'inferno,1969,93,NA,3.7,7,0.0,14.5,0.0,44.5,0.0,14.5,0.0,0.0,0.0,24.5,,1,0,0,0,0,0,0
365 Nights in Hollywood,1934,77,NA,5.8,17,0.0,4.5,4.5,14.5,14.5,14.5,24.5,14.5,14.5,4.5,,0,0,1,0,0,0,0
36K,2000,83,NA,7.8,12,4.5,0.0,4.5,4.5,0.0,0.0,0.0,4.5,24.5,44.5,,0,0,0,0,0,0,0
37 og et halvt,2005,101,NA,5.6,27,14.5,4.5,4.5,4.5,4.5,14.5,4.5,14.5,14.5,4.5,,0,0,1,1,0,0,0
39 Pounds of Love,2005,70,NA,7.6,7,14.5,14.5,0.0,0.0,0.0,0.0,0.0,0.0,0.0,74.5,,0,0,0,0,1,0,0
"39 Steps, The",1935,86,NA,8.0,7931,4.5,4.5,4.5,4.5,4.5,4.5,14.5,24.5,24.5,14.5,,0,0,0,1,0,0,0
"39 Steps, The",1959,93,NA,6.6,223,4.5,4.5,4.5,4.5,4.5,14.5,24.5,24.5,4.5,14.5,,0,0,0,1,0,0,0
3:10 to Yuma,1957,92,NA,7.7,526,4.5,4.5,4.5,4.5,4.5,4.5,24.5,34.5,14.5,14.5,,0,0,0,0,0,0,0
3:15,1986,86,NA,4.5,94,14.5,4.5,4.5,24.5,14.5,14.5,4.5,4.5,4.5,4.5,,1,0,0,1,0,0,0
3:am,2005,21,NA,8.8,9,14.5,0.0,0.0,0.0,0.0,0.0,0.0,14.5,0.0,74.5,,0,0,0,0,0,0,1
3D,2000,24,NA,6.0,5,24.5,0.0,0.0,0.0,24.5,64.5,0.0,0.0,0.0,0.0,,0,0,0,0,0,0,1
3azima,2003,5,NA,5.0,6,0.0,0.0,0.0,14.5,14.5,0.0,0.0,0.0,0.0,64.5,,0,0,0,1,0,0,1
"3groschenoper, Die",1931,112,NA,6.9,147,4.5,4.5,4.5,4.5,4.5,14.5,14.5,14.5,14.5,24.5,,0,0,0,0,0,0,0
"3rd Voice, The",1960,79,NA,7.3,20,0.0,0.0,4.5,0.0,4.5,14.5,14.5,34.5,0.0,24.5,,0,0,0,1,0,0,0
4,2004,126,NA,6.3,30,4.5,0.0,4.5,14.5,4.5,14.5,14.5,24.5,14.5,14.5,,0,0,0,1,0,0,0
4 Artists Paint 1 Tree: A Walt Disney 'Adventure in Art',1964,16,NA,6.9,10,0.0,0.0,0.0,0.0,0.0,34.5,34.5,14.5,0.0,34.5,,0,0,0,0,1,0,1
4 Clowns,1970,97,NA,7.9,35,0.0,0.0,0.0,0.0,4.5,14.5,4.5,24.5,24.5,24.5,,0,0,1,0,0,0,0
4 Devils,1928,97,NA,8.7,9,0.0,0.0,0.0,0.0,0.0,0.0,14.5,34.5,14.5,44.5,,0,0,0,1,0,0,0
4 Freunde und 4 Pfoten,2003,76,NA,5.1,11,0.0,4.5,4.5,0.0,4.5,4.5,34.5,4.5,0.0,14.5,,0,0,0,0,0,0,0
4 Inyong shiktak,2003,123,NA,5.7,156,4.5,4.5,4.5,4.5,14.5,14.5,14.5,4.5,4.5,24.5,,0,0,0,1,0,0,0
4 Little Girls,1997,102,NA,7.5,463,4.5,4.5,4.5,4.5,4.5,4.5,14.5,24.5,14.5,24.5,,0,0,0,0,1,0,0
4 P.M.,2000,15,NA,5.5,21,0.0,14.5,4.5,4.5,4.5,4.5,24.5,4.5,4.5,14.5,,0,0,0,1,0,0,1
4 Second Delay,1998,26,NA,6.1,12,34.5,0.0,0.0,0.0,14.5,0.0,14.5,14.5,4.5,4.5,,0,0,0,1,0,0,1
4 a.m.: Open All Night,1999,15,NA,6.0,17,4.5,14.5,4.5,0.0,0.0,14.5,24.5,24.5,4.5,4.5,,0,0,0,0,0,0,1
4 aventures de Reinette et Mirabelle,1987,99,NA,7.6,167,4.5,4.5,4.5,4.5,4.5,14.5,14.5,24.5,14.5,24.5,,0,0,1,1,0,0,0
4 for Texas,1963,124,NA,5.3,399,4.5,4.5,4.5,14.5,14.5,34.5,14.5,4.5,4.5,4.5,,0,0,1,0,0,0,0
4 maneras de tapar un hoyo,1995,8,NA,8.2,12,0.0,0.0,0.0,0.0,4.5,4.5,14.5,0.0,45.5,4.5,,0,1,0,0,0,0,1
4 marmittoni alle grandi manovre,1974,90,NA,3.7,6,0.0,14.5,14.5,0.0,34.5,14.5,14.5,0.0,0.0,0.0,,0,0,1,0,0,0,0
4 mosche di velluto grigio,1971,104,NA,6.3,251,4.5,4.5,4.5,4.5,4.5,14.5,14.5,14.5,14.5,14.5,,0,0,0,0,0,0,0
"4 saisons d'Espigoule, Les",1999,97,NA,6.5,65,0.0,0.0,4.5,4.5,4.5,4.5,24.5,14.5,14.5,24.5,,0,0,1,0,1,0,0
4 x 4,1965,105,NA,5.6,8,14.5,0.0,14.5,0.0,0.0,24.5,14.5,24.5,0.0,14.5,,0,0,0,1,0,0,0
40,2002,12,NA,5.7,12,4.5,0.0,0.0,0.0,14.5,4.5,4.5,14.5,4.5,34.5,,0,0,0,0,0,0,1
40 Carats,1973,110,NA,6.0,104,4.5,4.5,4.5,4.5,24.5,14.5,14.5,14.5,4.5,14.5,,0,0,1,0,0,0,0
40 Days and 40 Nights,2002,96,17000000,5.4,8609,4.5,4.5,4.5,4.5,14.5,24.5,24.5,4.5,4.5,4.5,R,0,0,1,1,0,1,0
40 Days of Musa Dagh,1982,143,NA,7.5,16,14.5,0.0,4.5,0.0,0.0,0.0,14.5,0.0,14.5,45.5,,0,0,0,1,0,0,0
40 Guns to Apache Pass,1967,95,NA,5.8,60,4.5,4.5,4.5,4.5,14.5,34.5,14.5,4.5,4.5,14.5,,0,0,0,0,0,1,0
40 Pounds of Trouble,1962,106,NA,6.3,126,4.5,4.5,4.5,4.5,14.5,14.5,14.5,14.5,4.5,14.5,,0,0,1,0,0,0,0
40 Quadratmeter Deutschland,1986,80,NA,7.3,15,4.5,0.0,0.0,0.0,0.0,0.0,24.5,34.5,24.5,24.5,,0,0,0,1,0,0,0
40 gradi all'ombra del lenzuolo,1976,100,NA,4.7,34,0.0,14.5,4.5,24.5,24.5,24.5,4.5,4.5,0.0,4.5,,0,0,1,0,0,0,0
40 grados a la sombra,1967,90,NA,5.5,6,0.0,0.0,0.0,14.5,14.5,14.5,0.0,14.5,0.0,34.5,,0,0,1,0,0,0,0
"40,000 Horsemen",1941,100,NA,6.9,20,4.5,0.0,0.0,4.5,0.0,24.5,24.5,24.5,4.5,24.5,,0,0,0,0,0,0,0
"400 Million, The",1939,52,NA,5.0,10,0.0,0.0,14.5,0.0,45.5,14.5,14.5,0.0,0.0,24.5,,0,0,0,0,1,0,0
405,2000,11,NA,6.9,250,4.5,4.5,4.5,4.5,4.5,4.5,24.5,24.5,14.5,14.5,,1,0,1,0,0,0,1
420,2004,116,NA,8.3,6,0.0,0.0,14.5,0.0,0.0,0.0,0.0,0.0,45.5,34.5,,0,0,1,0,0,0,0
42K,2000,90,NA,5.1,25,4.5,4.5,0.0,14.5,4.5,0.0,24.5,24.5,4.5,24.5,,1,0,1,0,0,0,0
42nd Street,1933,89,439000,7.5,1247,4.5,4.5,4.5,4.5,4.5,14.5,14.5,24.5,14.5,14.5,,0,0,0,1,0,1,0
"42nd. Street Special, The",1933,6,NA,6.2,11,0.0,0.0,0.0,0.0,4.5,14.5,64.5,4.5,0.0,0.0,,0,0,0,0,1,0,1
43: The Richard Petty Story,1974,83,NA,6.4,18,4.5,4.5,4.5,14.5,4.5,24.5,14.5,4.5,0.0,24.5,,0,0,0,1,0,0,0
47 morto che parla,1950,95,NA,7.6,21,0.0,0.0,0.0,4.5,4.5,4.5,34.5,14.5,14.5,14.5,,0,0,1,0,0,0,0
48 Hrs.,1982,96,NA,6.8,8742,4.5,4.5,4.5,4.5,4.5,24.5,34.5,14.5,4.5,4.5,,1,0,1,1,0,0,0
48 Stunden bis Acapulco,1967,81,NA,4.3,5,24.5,0.0,0.0,0.0,44.5,44.5,0.0,0.0,0.0,0.0,,0,0,0,0,0,0,0
491,1964,88,NA,6.2,38,4.5,4.5,4.5,4.5,4.5,14.5,24.5,4.5,4.5,14.5,,0,0,0,1,0,0,0
"49th Man, The",1953,73,NA,6.2,17,0.0,0.0,4.5,14.5,14.5,24.5,24.5,4.5,4.5,4.5,,0,0,0,1,0,0,0
49th Parallel,1941,104,NA,7.7,395,4.5,4.5,4.5,4.5,4.5,4.5,24.5,34.5,14.5,14.5,,0,0,0,1,0,0,0
4D Man,1959,85,NA,5.2,192,4.5,4.5,4.5,14.5,14.5,14.5,14.5,4.5,4.5,14.5,,1,0,0,0,0,1,0
"4th Floor, The",1999,90,NA,5.7,1088,4.5,4.5,4.5,4.5,14.5,24.5,24.5,4.5,4.5,4.5,R,0,0,0,0,0,0,0
"4th Tenor, The",2002,97,NA,4.2,71,4.5,4.5,4.5,14.5,14.5,4.5,4.5,4.5,4.5,24.5,PG-13,0,0,1,0,0,1,0
5 Against the House,1955,84,NA,6.2,49,0.0,4.5,4.5,14.5,14.5,24.5,24.5,14.5,0.0,4.5,,0,0,0,1,0,0,0
5 Branded Women,1960,118,NA,5.2,53,4.5,0.0,4.5,14.5,4.5,14.5,14.5,14.5,4.5,14.5,,0,0,0,1,0,0,0
5 Card Stud,1968,105,NA,6.2,457,4.5,4.5,4.5,4.5,14.5,14.5,34.5,14.5,4.5,4.5,,0,0,0,0,0,0,0
5 Card Stud,2002,96,NA,8.3,7,14.5,0.0,0.0,0.0,0.0,0.0,0.0,14.5,14.5,45.5,,0,0,0,0,0,1,0
5 Dark Souls,1996,94,1500,7.3,11,14.5,0.0,0.0,4.5,0.0,0.0,4.5,4.5,4.5,44.5,,1,0,0,0,0,0,0
5 Dead on the Crimson Canvas,1996,96,25000,2.0,24,14.5,4.5,0.0,0.0,4.5,0.0,4.5,14.5,24.5,24.5,,0,0,0,0,0,0,0
5 Fingers,1952,108,NA,7.6,392,4.5,4.5,4.5,4.5,4.5,4.5,24.5,34.5,24.5,14.5,,0,0,0,1,0,0,0
5 Millionen suchen einen Erben,1938,85,NA,6.5,22,0.0,0.0,4.5,0.0,4.5,14.5,44.5,14.5,4.5,4.5,,0,0,1,0,0,0,0
5 Steps to Danger,1957,81,NA,5.6,24,0.0,0.0,0.0,4.5,14.5,44.5,14.5,14.5,0.0,4.5,,0,0,0,1,0,0,0
5 bambole per la luna d'agosto,1970,90,NA,5.5,145,4.5,4.5,4.5,4.5,14.5,14.5,24.5,4.5,4.5,14.5,,0,0,0,0,0,0,0
5 de chocolate y 1 de fresa,1968,85,NA,4.3,12,24.5,4.5,0.0,0.0,14.5,0.0,4.5,0.0,4.5,34.5,,0,0,1,0,0,0,0
5 donne per l'assassino,1974,95,NA,3.7,7,0.0,14.5,0.0,14.5,0.0,44.5,0.0,0.0,14.5,14.5,,0,0,0,0,0,0,0
"5 i fedtefadet, De",1970,90,NA,5.4,21,0.0,0.0,14.5,14.5,34.5,0.0,14.5,0.0,4.5,14.5,,0,0,0,0,0,0,0
"5 og spionerne, De",1969,81,NA,4.6,18,14.5,0.0,4.5,24.5,24.5,14.5,4.5,4.5,0.0,4.5,,0,0,0,0,0,0,0
5 tombe per un medium,1965,85,NA,4.8,34,4.5,4.5,4.5,4.5,14.5,14.5,14.5,4.5,14.5,4.5,,0,0,0,0,0,0,0
"5,000 Fingers of Dr. T., The",1953,89,1600000,6.7,699,4.5,4.5,4.5,4.5,4.5,14.5,14.5,14.5,14.5,24.5,,0,0,0,0,0,0,0
50 First Dates,2004,99,75000000,6.8,13497,4.5,4.5,4.5,4.5,4.5,14.5,24.5,24.5,4.5,14.5,PG-13,0,0,1,0,0,1,0
50 Ways to Leave Your Lover,2004,95,NA,6.8,22,14.5,4.5,0.0,4.5,0.0,4.5,14.5,4.5,14.5,34.5,,0,0,1,0,0,1,0
"50,000 B.C. (Before Clothing)",1963,75,NA,3.4,15,24.5,24.5,4.5,0.0,4.5,14.5,4.5,4.5,0.0,14.5,,0,0,1,0,0,0,0
50/50,1982,87,NA,4.0,7,14.5,0.0,24.5,24.5,14.5,0.0,0.0,0.0,0.0,14.5,,0,0,0,1,0,0,0
500 Years Later,2005,106,NA,9.3,17,4.5,0.0,0.0,0.0,0.0,0.0,0.0,0.0,14.5,74.5,,0,0,0,0,1,0,0
500!,2001,92,NA,6.4,14,4.5,0.0,0.0,4.5,0.0,4.5,0.0,0.0,14.5,64.5,,0,0,1,0,0,0,0
50CC,2000,41,NA,5.9,7,0.0,0.0,14.5,0.0,14.5,24.5,14.5,14.5,0.0,14.5,,1,0,0,0,0,1,1
51 Bar,1985,95,NA,8.7,5,0.0,0.0,0.0,24.5,0.0,0.0,0.0,24.5,64.5,0.0,,0,0,0,1,0,0,0
"51st State, The",2001,92,28000000,6.1,6752,4.5,4.5,4.5,4.5,14.5,24.5,24.5,14.5,4.5,4.5,R,1,0,1,0,0,0,0
52 Pick-Up,1986,110,NA,5.9,609,4.5,4.5,4.5,4.5,14.5,24.5,14.5,14.5,4.5,4.5,,1,0,0,0,0,0,0
52nd Street,1937,80,NA,7.0,5,0.0,0.0,0.0,0.0,0.0,24.5,64.5,0.0,0.0,24.5,,0,0,0,1,0,0,0
54,1998,100,13000000,5.4,6905,4.5,4.5,4.5,14.5,14.5,24.5,14.5,4.5,4.5,4.5,R,0,0,0,1,0,0,0
55 Days at Peking,1963,150,17000000,6.6,700,4.5,4.5,4.5,4.5,4.5,14.5,34.5,14.5,4.5,4.5,,0,0,0,1,0,0,0
588 rue paradis,1993,130,NA,7.9,56,4.5,4.5,4.5,0.0,4.5,4.5,14.5,14.5,14.5,45.5,,0,0,0,0,0,0,0
5th Ave Girl,1939,83,NA,6.6,112,0.0,0.0,4.5,4.5,4.5,14.5,24.5,24.5,4.5,14.5,,0,0,1,0,0,0,0
5th World,2005,75,NA,5.2,11,14.5,14.5,0.0,14.5,4.5,0.0,0.0,4.5,0.0,24.5,,0,0,0,1,0,0,0
5x2,2004,90,NA,6.6,691,4.5,4.5,4.5,4.5,4.5,14.5,24.5,14.5,4.5,4.5,R,0,0,0,1,0,1,0
6 Day Bike Rider,1934,69,NA,6.7,107,0.0,4.5,4.5,4.5,4.5,4.5,4.5,4.5,14.5,45.5,,0,0,1,0,0,0,0
6 Miles of 8 Feet,1999,22,NA,7.9,8,0.0,0.0,0.0,0.0,34.5,0.0,0.0,14.5,0.0,45.5,,0,0,0,0,0,0,1
6 Points,2004,85,NA,4.3,56,14.5,4.5,4.5,14.5,14.5,14.5,14.5,4.5,0.0,14.5,,0,0,0,1,0,0,0
6 dni strusia,2001,100,NA,5.1,9,0.0,14.5,14.5,0.0,24.5,14.5,24.5,24.5,0.0,0.0,,0,0,0,0,0,0,0
6.5 Special,1958,85,NA,4.0,6,14.5,0.0,0.0,34.5,0.0,0.0,0.0,45.5,0.0,0.0,,0,0,0,0,0,0,0
6000 Enemies,1939,62,NA,6.5,11,0.0,0.0,4.5,0.0,14.5,45.5,14.5,0.0,0.0,0.0,,0,0,0,0,0,0,0
633 Squadron,1964,103,NA,6.2,367,4.5,4.5,4.5,4.5,14.5,24.5,24.5,14.5,4.5,4.5,,0,0,0,1,0,0,0
"64,000,000 Years Ago",1981,11,NA,6.7,7,0.0,0.0,0.0,0.0,14.5,14.5,74.5,0.0,0.0,0.0,,0,1,0,0,0,0,1
"65, 66 och jag",1936,89,NA,5.3,21,0.0,0.0,14.5,14.5,14.5,4.5,14.5,4.5,0.0,14.5,,0,0,1,0,0,0,0
66 scener fra Amerika,1982,43,NA,5.3,13,4.5,0.0,0.0,4.5,24.5,4.5,14.5,14.5,4.5,14.5,,0,0,0,0,1,0,1
666 mo gui fu huo,1996,100,NA,5.3,54,4.5,4.5,4.5,4.5,14.5,24.5,14.5,14.5,0.0,4.5,,1,0,0,0,0,0,0
681-0638,2001,90,NA,7.1,7,0.0,0.0,14.5,0.0,0.0,14.5,14.5,44.5,0.0,14.5,,0,0,1,1,0,0,0
